Projects,Branch
example-test-suite,
jlops-test-suite, develop
elt_lti_management-js,master
elt_tao-js,main
EPS-test-suite,master
elt-oupe-marketing-test-suite, master
NGS-Automation_js
oeuk-orb-test-suite,master
mymaths-test-suite,main
elt-oet-js,master
bond11plus-test-suite, main
oupc-flashcard,develop
Eduk-owl-test-suite,master
Eduk-Kerboodle-test-suite,master
eduk-bookshelf-test-suite,main
AMS-Decommission-Test,main
OxfordLearn,main
cmm-test-suite,main
oupe-premium-tests,main
journals_test_suite,main
Britanico-Integration,main
Testing_SDC-OLB_Automation,master
elt-eCommerce,master
EltHub-test-suite,main
oxford-reading-club,main
GA-Narnia-Test,master
frost-lor-lti-test-suite,main
HigherEd-testsuite, main
